{
  "feature_names": [
    "ProductCD",
    "card3",
    "card6",
    "C7",
    "C8",
    "C12",
    "M6",
    "V23",
    "V29",
    "V30",
    "V69",
    "V70",
    "V108",
    "V111",
    "V112",
    "V113",
    "V114",
    "V115",
    "V117",
    "V120",
    "V121",
    "V122",
    "V123",
    "V124",
    "V125",
    "V290",
    "V291",
    "V292",
    "V294",
    "V317"
  ],
  "means": [
    2.8314041717082628,
    157.13911934263385,
    0.6222431705346988,
    0.8968322350279191,
    2.669065827383616,
    1.8033118542527724,
    1.001487470115697,
    1.059322698210674,
    0.19917952771614095,
    0.20741154609018034,
    0.19470924708438486,
    0.20087257528161137,
    1.0089245428955869,
    1.0082183282063213,
    1.0107270593983235,
    1.0082183282063213,
    1.0134878687230535,
    1.021563675050751,
    1.0037392646368701,
    1.0056904522038208,
    1.005947257545372,
    1.0057546535392086,
    1.0538509034378842,
    1.0707647456564264,
    1.0557769434995175,
    1.2125801339291111,
    4.188560975473862,
    1.8568351494665853,
    3.7077301370407407,
    320.94567761312567
  ],
  "stds": [
    1.671021911498981,
    14.351462724772599,
    0.46276499755585365,
    3.7605239875303886,
    11.530860416981135,
    7.940050868586525,
    0.8420599487470499,
    0.3173448891109698,
    0.412421864956188,
    0.4384545545118199,
    0.41078825948051745,
    0.43047937093630406,
    0.08011921270731166,
    0.07566359826866725,
    0.08604633964245996,
    0.07566359826866725,
    0.10315980117346385,
    0.1405206113111614,
    0.04990846406284579,
    0.06470213599361872,
    0.06663469905132628,
    0.06519074279721125,
    0.2938140354832578,
    0.32109712489469855,
    0.29715044207449776,
    1.220136805608722,
    43.29494305096077,
    8.827144974140154,
    41.73509053677261,
    2955.2422171102417
  ]
}